device,n_head_stages,head_width,params,params_M,memory_MiB,vram_GiB,vram_limit_mib,min,max,median,mean,std,dnf_reason,dnf_message
CPU,0,2,468408,0.468408,1.7885894775390625,0.0,32768.0,66.92720000137342,70.58549999783281,67.99194999985048,68.16300000064075,1.0953274807851447,,
CPU,1,2,468458,0.468458,1.7888946533203125,0.0,32768.0,67.0243999993545,74.7791000030702,68.29524999920977,68.7865600004443,2.2034988820420387,,
CPU,2,2,468508,0.468508,1.7891998291015625,0.0,32768.0,65.58790000417503,73.76449999719625,69.74399999671732,69.57208000021637,2.408767340636566,,
CPU,4,2,468608,0.468608,1.7898101806640625,0.0,32768.0,66.96709999960149,74.28090000030352,70.22964999850956,69.71974999978556,2.3779058401910533,,
CPU,8,2,468808,0.468808,1.7910308837890625,0.0,32768.0,67.17139999818755,73.34090000222204,69.31640000038897,69.34731000001193,1.693358446316866,,
CPU,16,2,469208,0.469208,1.7934722900390625,0.0,32768.0,67.64149999798974,73.88759999594186,70.20429999829503,70.48737000004621,1.7647563343264865,,
CPU,32,2,470008,0.470008,1.7983551025390625,0.0,32768.0,70.40439999400405,75.35839999763994,72.41199999771197,72.59595999857993,1.2081758279330088,,
CPU,64,2,471608,0.471608,1.8081207275390625,0.0,32768.0,75.01290000072913,82.12209999328479,78.54004999535391,78.49048999778461,2.3723320830177803,,
CPU,128,2,474808,0.474808,1.8276519775390625,0.0,32768.0,82.94829999795184,89.38130000024103,84.90410000013071,85.4862599997432,1.8880490507996954,,
CPU,256,2,481208,0.481208,1.8667144775390625,0.0,32768.0,100.09899999568006,107.33029999391874,105.76450000007753,105.06817999921623,2.2522862898417775,,
CPU,512,2,494008,0.494008,1.9448394775390625,0.0,32768.0,134.5759000032558,148.74769999732962,140.24035000329604,141.40090000000782,4.376389656563092,,
CPU,1024,2,519608,0.519608,2.1010894775390625,0.0,32768.0,206.06609999958891,219.00800000003073,211.760599999252,212.45321000023978,3.7567654559528116,,
CPU,2048,2,570808,0.570808,2.4135894775390625,0.0,32768.0,339.3571999986307,373.7937000041711,356.6571000010299,357.7306099999987,8.691349955135928,,
CPU,4096,2,673208,0.673208,3.0385894775390625,0.0,32768.0,622.1543999999994,665.6807000035769,643.9156000014918,644.7909900001832,12.609472940963752,,
CPU,8192,2,878008,0.878008,4.2885894775390625,,32768.0,,,,,,time,run took 1223.07 ms (> 1000 ms)
CPU,16384,2,1287608,1.287608,6.7885894775390625,,32768.0,,,,,,time,blocked: lower width failed at stages=8192 (time limit)
CPU,32768,2,2106808,2.106808,11.788589477539062,,32768.0,,,,,,time,blocked: lower width failed at stages=8192 (time limit)
CPU,65536,2,3745208,3.745208,21.788589477539062,,32768.0,,,,,,time,blocked: lower width failed at stages=8192 (time limit)
CPU,131072,2,7022008,7.022008,41.78858947753906,,32768.0,,,,,,time,blocked: lower width failed at stages=8192 (time limit)
CPU,262144,2,13575608,13.575608,81.78858947753906,,32768.0,,,,,,time,blocked: lower width failed at stages=8192 (time limit)
CPU,524288,2,26682808,26.682808,161.78858947753906,,32768.0,,,,,,time,blocked: lower width failed at stages=8192 (time limit)
CPU,1048576,2,52897208,52.897208,321.78858947753906,,32768.0,,,,,,time,blocked: lower width failed at stages=8192 (time limit)
CPU,0,4,469248,0.469248,1.7918701171875,0.0,32768.0,66.9183999998495,70.46550000086427,69.14994999897317,68.95974000144633,1.2575877367994726,,
CPU,1,4,469388,0.469388,1.7925949096679688,0.0,32768.0,65.09910000022501,70.9156000011717,67.70810000307392,67.82277000165777,1.5193079104996892,,
CPU,2,4,469528,0.469528,1.7933197021484375,0.0,32768.0,64.50220000260742,73.95009999891045,69.29200000013225,69.54870000045048,2.8165434075085796,,
CPU,4,4,469808,0.469808,1.794769287109375,0.0,32768.0,65.10400000115624,73.24209999933373,68.91724999877624,69.12219999867375,2.1381979630921744,,
CPU,8,4,470368,0.470368,1.79766845703125,0.0,32768.0,68.0512999970233,73.1071999980486,69.54480000058538,69.97269999992568,1.3360761102364962,,
CPU,16,4,471488,0.471488,1.803466796875,0.0,32768.0,67.7332999985083,73.13570000405889,70.44020000103046,70.56909999955678,1.5781474780492808,,
CPU,32,4,473728,0.473728,1.8150634765625,0.0,32768.0,69.64239999797428,75.9630999964429,73.86694999877363,73.42513999974472,2.068087541982433,,
CPU,64,4,478208,0.478208,1.8382568359375,0.0,32768.0,75.36509999772534,81.31739999953425,77.98689999617636,77.8163000002678,2.101473677998997,,
CPU,128,4,487168,0.487168,1.8846435546875,0.0,32768.0,84.07959999749437,95.55639999598498,88.85019999797805,88.79422999962117,3.821831915565924,,
CPU,256,4,505088,0.505088,1.9774169921875,0.0,32768.0,103.40079999878071,109.25130000396166,106.21199999877717,106.21329999994487,1.7902731286632554,,
CPU,512,4,540928,0.540928,2.1629638671875,0.0,32768.0,141.02319999801693,154.26619999925606,147.72079999602283,147.1432799982722,4.201383657748331,,
CPU,1024,4,612608,0.612608,2.5340576171875,0.0,32768.0,213.30159999342868,232.22650000388967,226.59779999958118,224.14371999984724,6.74424125227002,,
CPU,2048,4,755968,0.755968,3.2762451171875,0.0,32768.0,365.075199995772,400.18679999775486,383.093150001514,380.6980000001204,11.073130550268546,,
CPU,4096,4,1042688,1.042688,4.7606201171875,0.0,32768.0,667.3743999999715,771.538100001635,683.3334500006458,695.7133000003523,29.34714007002046,,
CPU,8192,4,1616128,1.616128,7.7293701171875,,32768.0,,,,,,time,blocked: lower width failed at stages=8192 (time limit)
CPU,16384,4,2763008,2.763008,13.6668701171875,,32768.0,,,,,,time,blocked: lower width failed at stages=8192 (time limit)
CPU,32768,4,5056768,5.056768,25.5418701171875,,32768.0,,,,,,time,blocked: lower width failed at stages=8192 (time limit)
CPU,65536,4,9644288,9.644288,49.2918701171875,,32768.0,,,,,,time,blocked: lower width failed at stages=8192 (time limit)
CPU,131072,4,18819328,18.819328,96.7918701171875,,32768.0,,,,,,time,blocked: lower width failed at stages=8192 (time limit)
CPU,262144,4,37169408,37.169408,191.7918701171875,,32768.0,,,,,,time,blocked: lower width failed at stages=8192 (time limit)
CPU,524288,4,73869568,73.869568,381.7918701171875,,32768.0,,,,,,time,blocked: lower width failed at stages=8192 (time limit)
CPU,1048576,4,147269888,147.269888,761.7918701171875,,32768.0,,,,,,time,blocked: lower width failed at stages=8192 (time limit)
CPU,0,8,470928,0.470928,1.798431396484375,0.0,32768.0,66.0552000044845,69.21799999690847,68.71414999841363,68.11912999983178,1.1635358644378768,,
CPU,1,8,471368,0.471368,1.8004531860351562,0.0,32768.0,66.81470000330592,74.39999999769498,69.2781500001729,69.71567000000505,1.912852330601569,,
CPU,2,8,471808,0.471808,1.8024749755859375,0.0,32768.0,65.80070000200067,71.1860000010347,69.40844999917317,69.04068000076222,1.509438859348135,,
CPU,4,8,472688,0.472688,1.8065185546875,0.0,32768.0,66.9147000007797,71.28080000256887,68.92510000034235,69.04488000000129,1.3244799757662644,,
CPU,8,8,474448,0.474448,1.814605712890625,0.0,32768.0,68.7915000016801,77.65590000053635,70.10615000035614,70.68449999933364,2.4706434919970457,,
CPU,16,8,477968,0.477968,1.830780029296875,0.0,32768.0,70.16319999820553,75.17440000083297,71.6318000049796,71.94076999949175,1.3809789090775852,,
CPU,32,8,485008,0.485008,1.863128662109375,0.0,32768.0,71.38120000308845,75.6044000008842,74.36269999743672,73.88151999984984,1.4548738129425984,,
CPU,64,8,499088,0.499088,1.927825927734375,0.0,32768.0,75.64999999885913,82.16109999921173,78.35315000193077,78.63183000081335,1.9327741449300573,,
CPU,128,8,527248,0.527248,2.057220458984375,0.0,32768.0,86.07299999857787,92.91530000336934,89.63465000124415,89.12111000026925,2.2681225798639013,,
CPU,256,8,583568,0.583568,2.316009521484375,0.0,32768.0,106.17819999606581,113.34929999429733,108.37650000030408,109.43554999830667,2.719325078338665,,
CPU,512,8,696208,0.696208,2.833587646484375,0.0,32768.0,144.84320000337902,157.38240000064252,152.40914999958477,151.40131000007386,3.275629925990145,,
CPU,1024,8,921488,0.921488,3.868743896484375,0.0,32768.0,225.82799999509007,247.35759999748552,238.54660000142758,238.03025000015623,5.420389335085995,,
CPU,2048,8,1372048,1.372048,5.939056396484375,0.0,32768.0,393.70469999994384,418.4298999971361,405.37489999769605,405.6100699999661,7.682545464349227,,
CPU,4096,8,2273168,2.273168,10.079681396484375,0.0,32768.0,713.0593999972916,754.8155999975279,735.9619999951974,733.5549099982018,13.375984851158684,,
CPU,8192,8,4075408,4.075408,18.360931396484375,,32768.0,,,,,,time,blocked: lower width failed at stages=8192 (time limit)
CPU,16384,8,7679888,7.679888,34.923431396484375,,32768.0,,,,,,time,blocked: lower width failed at stages=8192 (time limit)
CPU,32768,8,14888848,14.888848,68.04843139648438,,32768.0,,,,,,time,blocked: lower width failed at stages=8192 (time limit)
CPU,65536,8,29306768,29.306768,134.29843139648438,,32768.0,,,,,,time,blocked: lower width failed at stages=8192 (time limit)
CPU,131072,8,58142608,58.142608,266.7984313964844,,32768.0,,,,,,time,blocked: lower width failed at stages=8192 (time limit)
CPU,262144,8,115814288,115.814288,531.7984313964844,,32768.0,,,,,,time,blocked: lower width failed at stages=8192 (time limit)
CPU,524288,8,231157648,231.157648,1061.7984313964844,,32768.0,,,,,,time,blocked: lower width failed at stages=8192 (time limit)
CPU,1048576,8,461844368,461.844368,2121.7984313964844,,32768.0,,,,,,time,blocked: lower width failed at stages=8192 (time limit)
CPU,0,16,474288,0.474288,1.811553955078125,0.0,32768.0,66.57950000226265,72.55060000170488,68.86829999712063,69.37221000043792,2.1250096206016136,,
CPU,1,16,475808,0.475808,1.8180007934570312,0.0,32768.0,66.65080000675516,74.80309999664314,70.96889999957057,70.50149000060628,2.326569582975912,,
CPU,2,16,477328,0.477328,1.8244476318359375,0.0,32768.0,67.91399999929126,73.42049999715528,69.55145000392804,69.80136000056518,1.5672676093519824,,
CPU,4,16,480368,0.480368,1.83734130859375,0.0,32768.0,68.72650000150315,76.74430000042776,70.91570000193315,71.37941000182764,2.1113868788189447,,
CPU,8,16,486448,0.486448,1.863128662109375,0.0,32768.0,71.48890000098618,75.40579999476904,72.62995000201045,72.81144000007771,1.0820140103478015,,
CPU,16,16,498608,0.498608,1.914703369140625,0.0,32768.0,74.38370000454597,82.29549999668961,75.94555000105174,76.90285999997286,2.5183217372468523,,
CPU,32,16,522928,0.522928,2.017852783203125,0.0,32768.0,80.88000000134343,86.42279999912716,83.49635000195121,83.68208000101731,1.6995113940674729,,
CPU,64,16,571568,0.571568,2.224151611328125,0.0,32768.0,94.3219999971916,101.71270000137156,98.14585000276566,97.89733000070555,2.1909506849580245,,
CPU,128,16,668848,0.668848,2.636749267578125,0.0,32768.0,120.42359999759356,130.24560000485508,126.84385000102338,126.41825000027893,3.387376202525657,,
CPU,256,16,863408,0.863408,3.461944580078125,0.0,32768.0,180.1761999959126,189.40290000318782,185.80864999967162,185.86702999964473,2.8183220076451723,,
CPU,512,16,1252528,1.252528,5.112335205078125,0.0,32768.0,292.0077000017045,314.47949999710545,303.9397499996994,302.88479999944684,7.531031511820098,,
CPU,1024,16,2030768,2.030768,8.413116455078125,0.0,32768.0,522.5114999993821,562.0535000052769,540.0960000006307,539.8618000013812,13.57203522265644,,
CPU,2048,16,3587248,3.587248,15.014678955078125,,32768.0,,,,,,time,run took 1023.81 ms (> 1000 ms)
CPU,4096,16,6700208,6.700208,28.217803955078125,,32768.0,,,,,,time,blocked: lower width failed at stages=2048 (time limit)
CPU,8192,16,12926128,12.926128,54.624053955078125,,32768.0,,,,,,time,blocked: lower width failed at stages=2048 (time limit)
CPU,16384,16,25377968,25.377968,107.43655395507812,,32768.0,,,,,,time,blocked: lower width failed at stages=2048 (time limit)
CPU,32768,16,50281648,50.281648,213.06155395507812,,32768.0,,,,,,time,blocked: lower width failed at stages=2048 (time limit)
CPU,65536,16,100089008,100.089008,424.3115539550781,,32768.0,,,,,,time,blocked: lower width failed at stages=2048 (time limit)
CPU,131072,16,199703728,199.703728,846.8115539550781,,32768.0,,,,,,time,blocked: lower width failed at stages=2048 (time limit)
CPU,262144,16,398933168,398.933168,1691.8115539550781,,32768.0,,,,,,time,blocked: lower width failed at stages=2048 (time limit)
CPU,524288,16,797392048,797.392048,3381.811553955078,,32768.0,,,,,,time,blocked: lower width failed at stages=2048 (time limit)
CPU,1048576,16,1594309808,1594.309808,6761.811553955078,,32768.0,,,,,,time,blocked: lower width failed at stages=2048 (time limit)
CPU,0,32,481008,0.481008,1.837799072265625,0.0,32768.0,66.4489999981015,72.93999999819789,69.6003999983077,69.52376000044751,2.030031067175576,,
CPU,1,32,486608,0.486608,1.8604202270507812,0.0,32768.0,67.6381000012043,73.42980000248645,69.48189999820897,70.07767999966745,1.9076523429742305,,
CPU,2,32,492208,0.492208,1.8830413818359375,0.0,32768.0,68.33809999807272,75.70540000597248,70.97480000084033,71.29896000042208,2.063233935677422,,
CPU,4,32,503408,0.503408,1.92828369140625,0.0,32768.0,66.50929999887012,73.93790000060108,69.26045000000158,69.63146000125562,1.9017694469799367,,
CPU,8,32,525808,0.525808,2.018768310546875,0.0,32768.0,70.05799999751616,76.90010000078473,73.03844999478315,72.80523999870638,2.165046702248561,,
CPU,16,32,570608,0.570608,2.199737548828125,0.0,32768.0,74.7380000029807,83.51959999708924,76.89579999714624,77.91943999909563,2.5619463784410264,,
CPU,32,32,660208,0.660208,2.561676025390625,0.0,32768.0,81.72440000635106,88.43509999860544,84.44279999821447,84.6040800002811,1.7166706707806891,,
CPU,64,32,839408,0.839408,3.285552978515625,0.0,32768.0,96.18469999986701,104.85649999463931,100.7865000028687,101.05031999992207,2.5186752664998897,,
CPU,128,32,1197808,1.197808,4.733306884765625,0.0,32768.0,129.1780999963521,144.11699999618577,138.12280000274768,137.00021999975434,5.075500984493074,,
CPU,256,32,1914608,1.914608,7.628814697265625,0.0,32768.0,200.6007000018144,237.49099999986356,209.85540000037872,213.0103199997393,12.46863534875048,,
CPU,512,32,3348208,3.348208,13.419830322265625,0.0,32768.0,328.3147999973153,349.8585000052117,341.0360000016226,340.41295000133687,6.388974340523753,,
CPU,1024,32,6215408,6.215408,25.001861572265625,0.0,32768.0,606.1445000013919,625.573199999053,613.286000003427,613.7271900006454,4.958439417876216,,
CPU,2048,32,11949808,11.949808,48.165924072265625,,32768.0,,,,,,time,blocked: lower width failed at stages=2048 (time limit)
CPU,4096,32,23418608,23.418608,94.49404907226562,,32768.0,,,,,,time,blocked: lower width failed at stages=2048 (time limit)
CPU,8192,32,46356208,46.356208,187.15029907226562,,32768.0,,,,,,time,blocked: lower width failed at stages=2048 (time limit)
CPU,16384,32,92231408,92.231408,372.4627990722656,,32768.0,,,,,,time,blocked: lower width failed at stages=2048 (time limit)
CPU,32768,32,183981808,183.981808,743.0877990722656,,32768.0,,,,,,time,blocked: lower width failed at stages=2048 (time limit)
CPU,65536,32,367482608,367.482608,1484.3377990722656,,32768.0,,,,,,time,blocked: lower width failed at stages=2048 (time limit)
CPU,131072,32,734484208,734.484208,2966.8377990722656,,32768.0,,,,,,time,blocked: lower width failed at stages=2048 (time limit)
CPU,262144,32,1468487408,1468.487408,5931.837799072266,,32768.0,,,,,,time,blocked: lower width failed at stages=2048 (time limit)
CPU,524288,32,2936493808,2936.493808,11861.837799072266,,32768.0,,,,,,time,blocked: lower width failed at stages=2048 (time limit)
CPU,1048576,32,5872506608,5872.506608,23721.837799072266,,32768.0,,,,,,time,blocked: lower width failed at stages=2048 (time limit)
CPU,0,64,494448,0.494448,1.890289306640625,0.0,32768.0,67.16880000021774,70.19720000243979,68.00390000353218,68.14441000169609,0.81660013428066,,
CPU,1,64,515888,0.515888,1.9745559692382812,0.0,32768.0,66.65539999812609,74.08610000129556,69.29239999954007,69.89200000025448,2.1665118592101935,,
CPU,2,64,537328,0.537328,2.0588226318359375,0.0,32768.0,67.31589999981225,79.72610000433633,71.0048500004632,71.4056700002402,3.166564246259334,,
CPU,4,64,580208,0.580208,2.22735595703125,0.0,32768.0,69.4669000004069,75.59860000037588,71.5679499990074,72.03881999957957,2.016868545141805,,
CPU,8,64,665968,0.665968,2.564422607421875,0.0,32768.0,72.48429999890504,78.36739999765996,74.59290000042529,74.89272999882814,1.8774128223582953,,
CPU,16,64,837488,0.837488,3.238555908203125,0.0,32768.0,76.59820000117179,84.24099999683676,79.36889999837149,79.71304999882705,1.9605099019253773,,
CPU,32,64,1180528,1.180528,4.586822509765625,0.0,32768.0,86.99679999699583,93.18199999688659,90.8385000002454,90.28056000024662,2.0161878963043827,,
CPU,64,64,1866608,1.866608,7.283355712890625,0.0,32768.0,106.8405999976676,116.25749999802792,110.78300000008312,111.24485000036657,3.0758456270864074,,
CPU,128,64,3238768,3.238768,12.676422119140625,0.0,32768.0,154.31649999663932,164.56009999819798,157.91454999998678,158.95686999938334,3.7889414591207453,,
CPU,256,64,5983088,5.983088,23.462554931640625,0.0,32768.0,234.86350000166567,243.47609999676934,240.7192999999097,239.91273999927216,2.819190388957944,,
CPU,512,64,11471728,11.471728,45.034820556640625,0.0,32768.0,403.76410000317264,424.2080000040005,411.43865000412916,412.58005000127014,5.971895050559677,,
CPU,1024,64,22449008,22.449008,88.17935180664062,0.0,32768.0,751.2392999997246,776.8625000026077,759.7751499997685,762.0925399991393,9.72448154208915,,
CPU,2048,64,44403568,44.403568,174.46841430664062,,32768.0,,,,,,time,blocked: lower width failed at stages=2048 (time limit)
CPU,4096,64,88312688,88.312688,347.0465393066406,,32768.0,,,,,,time,blocked: lower width failed at stages=2048 (time limit)
CPU,8192,64,176130928,176.130928,692.2027893066406,,32768.0,,,,,,time,blocked: lower width failed at stages=2048 (time limit)
CPU,16384,64,351767408,351.767408,1382.5152893066406,,32768.0,,,,,,time,blocked: lower width failed at stages=2048 (time limit)
CPU,32768,64,703040368,703.040368,2763.1402893066406,,32768.0,,,,,,time,blocked: lower width failed at stages=2048 (time limit)
CPU,65536,64,1405586288,1405.586288,5524.390289306641,,32768.0,,,,,,time,blocked: lower width failed at stages=2048 (time limit)
CPU,131072,64,2810678128,2810.678128,11046.89028930664,,32768.0,,,,,,time,blocked: lower width failed at stages=2048 (time limit)
CPU,262144,64,5620861808,5620.861808,22091.89028930664,,32768.0,,,,,,time,blocked: lower width failed at stages=2048 (time limit)
CPU,524288,64,11241229168,11241.229168,44181.89028930664,,32768.0,,,,,,oom,pre-run: model size >= 32768 MiB (est. 44182 MiB)
CPU,1048576,64,22481963888,22481.963888,88361.89028930664,,32768.0,,,,,,oom,pre-run: model size >= 32768 MiB (est. 88362 MiB)
CPU,0,128,521328,0.521328,1.995269775390625,0.0,32768.0,67.77490000240505,73.7202000018442,70.40609999967273,70.52670999910333,2.1452542462412154,,
CPU,1,128,605168,0.605168,2.3200149536132812,0.0,32768.0,66.96760000340873,77.05119999445742,71.53824999841163,71.49406999815255,2.8086867132548736,,
CPU,2,128,689008,0.689008,2.6447601318359375,0.0,32768.0,69.71530000009807,74.21239999530371,71.16135000251234,71.43156000165618,1.3623862348716413,,
CPU,4,128,856688,0.856688,3.29425048828125,0.0,32768.0,70.00580000021728,77.11189999827184,72.73415000236128,73.00426000074367,2.070215851854765,,
CPU,8,128,1192048,1.192048,4.593231201171875,0.0,32768.0,74.28490000165766,80.72589999937918,79.34695000221836,78.97963999930653,1.8479746585741097,,
CPU,16,128,1862768,1.862768,7.191192626953125,0.0,32768.0,82.89330000116024,93.05920000042534,89.39029999601189,88.94716999930097,2.6725216365762834,,
CPU,32,128,3204208,3.204208,12.387115478515625,0.0,32768.0,105.02780000388157,111.22849999810569,109.36420000143698,109.05596000084188,1.8134336751127333,,
CPU,64,128,5887088,5.887088,22.778961181640625,0.0,32768.0,129.00989999616286,148.93980000488227,139.53185000355006,139.56693000072846,5.139017267385374,,
CPU,128,128,11252848,11.252848,43.562652587890625,0.0,32768.0,206.63889999559615,221.6760000010254,212.91790000032051,213.13887999931467,3.561305537391078,,
CPU,256,128,21984368,21.984368,85.13003540039062,0.0,32768.0,324.2498000035994,355.77800000464777,349.7203000006266,347.5245400019048,8.242949571195355,,
CPU,512,128,43447408,43.447408,168.26480102539062,0.0,32768.0,607.9480999978841,643.0935000025784,631.8002499974682,630.2863199984131,10.021015542222928,,
CPU,1024,128,86373488,86.373488,334.5343322753906,,32768.0,,,,,,time,run took 1191.04 ms (> 1000 ms)
CPU,2048,128,172225648,172.225648,667.0733947753906,,32768.0,,,,,,time,blocked: lower width failed at stages=1024 (time limit)
CPU,4096,128,343929968,343.929968,1332.1515197753906,,32768.0,,,,,,time,blocked: lower width failed at stages=1024 (time limit)
CPU,8192,128,687338608,687.338608,2662.3077697753906,,32768.0,,,,,,time,blocked: lower width failed at stages=1024 (time limit)
CPU,16384,128,1374155888,1374.155888,5322.620269775391,,32768.0,,,,,,time,blocked: lower width failed at stages=1024 (time limit)
CPU,32768,128,2747790448,2747.790448,10643.24526977539,,32768.0,,,,,,time,blocked: lower width failed at stages=1024 (time limit)
CPU,65536,128,5495059568,5495.059568,21284.49526977539,,32768.0,,,,,,time,blocked: lower width failed at stages=1024 (time limit)
CPU,131072,128,10989597808,10989.597808,42566.99526977539,,32768.0,,,,,,oom,pre-run: model size >= 32768 MiB (est. 42567 MiB)
CPU,262144,128,21978674288,21978.674288,85131.99526977539,,32768.0,,,,,,oom,pre-run: model size >= 32768 MiB (est. 85132 MiB)
CPU,524288,128,43956827248,43956.827248,170261.9952697754,,32768.0,,,,,,oom,pre-run: model size >= 32768 MiB (est. 170262 MiB)
CPU,1048576,128,87913133168,87913.133168,340521.9952697754,,32768.0,,,,,,oom,pre-run: model size >= 32768 MiB (est. 340522 MiB)
CPU,0,256,575088,0.575088,2.205230712890625,0.0,32768.0,67.81559999944875,74.9357999957283,70.62054999914835,70.91657999844756,2.0039146243464323,,
CPU,1,256,906608,0.906608,3.4796829223632812,0.0,32768.0,68.638100005046,78.9747000017087,71.38329999725102,72.18462000018917,2.5734497459165095,,
CPU,2,256,1238128,1.238128,4.7541351318359375,0.0,32768.0,73.15419999940787,79.91039999615168,75.65644999704091,75.90037999907508,1.8790978824053874,,
CPU,4,256,1901168,1.901168,7.30303955078125,0.0,32768.0,78.13220000389265,86.63689999957569,81.06024999869987,81.40800000110175,2.1644650753023167,,
CPU,8,256,3227248,3.227248,12.400848388671875,0.0,32768.0,87.67429999716114,96.60180000355467,94.01615000024321,92.75440000128583,3.399760333799205,,
CPU,16,256,5879408,5.879408,22.596466064453125,0.0,32768.0,108.44209999777377,121.38029999914579,117.9548000000068,116.25416000024416,3.9065729782106255,,
CPU,32,256,11183728,11.183728,42.987701416015625,0.0,32768.0,149.53550000063842,170.15800000081072,161.9592500028375,161.95287000082317,5.639114160454144,,
CPU,64,256,21792368,21.792368,83.77017211914062,0.0,32768.0,245.66029999550665,273.8145999974222,258.8036499982991,257.181919998402,8.26697975888252,,
CPU,128,256,43009648,43.009648,165.33511352539062,0.0,32768.0,433.0148000008194,461.6152000016882,443.6717000025965,445.31339000022854,9.705277419155925,,
CPU,256,256,85444208,85.444208,328.4649963378906,0.0,32768.0,774.6282999942196,829.2242000024999,812.645550002344,807.384369999636,17.971288239405183,,
CPU,512,256,170313328,170.313328,654.7247619628906,,32768.0,,,,,,time,run took 1588.60 ms (> 1000 ms)
CPU,1024,256,340051568,340.051568,1307.2442932128906,,32768.0,,,,,,time,blocked: lower width failed at stages=512 (time limit)
CPU,2048,256,679528048,679.528048,2612.2833557128906,,32768.0,,,,,,time,blocked: lower width failed at stages=512 (time limit)
CPU,4096,256,1358481008,1358.481008,5222.361480712891,,32768.0,,,,,,time,blocked: lower width failed at stages=512 (time limit)
CPU,8192,256,2716386928,2716.386928,10442.51773071289,,32768.0,,,,,,time,blocked: lower width failed at stages=512 (time limit)
CPU,16384,256,5432198768,5432.198768,20882.83023071289,,32768.0,,,,,,time,blocked: lower width failed at stages=512 (time limit)
CPU,32768,256,10863822448,10863.822448,41763.45523071289,,32768.0,,,,,,oom,pre-run: model size >= 32768 MiB (est. 41763 MiB)
CPU,65536,256,21727069808,21727.069808,83524.70523071289,,32768.0,,,,,,oom,pre-run: model size >= 32768 MiB (est. 83525 MiB)
CPU,131072,256,43453564528,43453.564528,167047.2052307129,,32768.0,,,,,,oom,pre-run: model size >= 32768 MiB (est. 167047 MiB)
CPU,262144,256,86906553968,86906.553968,334092.2052307129,,32768.0,,,,,,oom,pre-run: model size >= 32768 MiB (est. 334092 MiB)
CPU,524288,256,173812532848,173812.532848,668182.2052307129,,32768.0,,,,,,oom,pre-run: model size >= 32768 MiB (est. 668182 MiB)
CPU,1048576,256,347624490608,347624.490608,1336362.205230713,,32768.0,,,,,,oom,pre-run: model size >= 32768 MiB (est. 1336362 MiB)
CPU,0,512,682608,0.682608,2.625152587890625,0.0,32768.0,67.9738000035286,72.56940000661416,70.36515000072541,70.4617400013376,1.3118939337331779,,
CPU,1,512,2001008,2.001008,7.674018859863281,0.0,32768.0,78.29789999959758,86.59360000456218,82.6167000013811,82.3984799993923,2.173715743553324,,
CPU,2,512,3319408,3.319408,12.722885131835938,0.0,32768.0,80.99940000101924,92.84160000242991,89.51745000013034,88.2535899982031,3.8393840678307405,,
CPU,4,512,5956208,5.956208,22.82061767578125,0.0,32768.0,92.71509999962291,118.87849999766331,103.3080000015616,104.56030999994255,8.312747473825606,,
CPU,8,512,11229808,11.229808,43.016082763671875,0.0,32768.0,124.46270000509685,157.7742000008584,144.212150000385,143.11551000064355,9.288011189320729,,
CPU,16,512,21777008,21.777008,83.40701293945312,0.0,32768.0,195.07449999946402,225.7164999973611,220.03780000159168,216.16526000070735,9.455439422219303,,
CPU,32,512,42871408,42.871408,164.18887329101562,0.0,32768.0,330.9797999972943,392.3118999955477,350.8327500021551,355.9898499996052,19.740143329051325,,
CPU,64,512,85060208,85.060208,325.7525939941406,0.0,32768.0,579.0613999997731,678.6724999983562,651.7520999987028,650.427800000034,27.270693150843623,,
CPU,128,512,169437808,169.437808,648.8800354003906,,32768.0,,,,,,time,run took 1272.34 ms (> 1000 ms)
CPU,256,512,338193008,338.193008,1295.1349182128906,,32768.0,,,,,,time,blocked: lower width failed at stages=128 (time limit)
CPU,512,512,675703408,675.703408,2587.6446838378906,,32768.0,,,,,,time,blocked: lower width failed at stages=128 (time limit)
CPU,1024,512,1350724208,1350.724208,5172.664215087891,,32768.0,,,,,,time,blocked: lower width failed at stages=128 (time limit)
CPU,2048,512,2700765808,2700.765808,10342.70327758789,,32768.0,,,,,,time,blocked: lower width failed at stages=128 (time limit)
CPU,4096,512,5400849008,5400.849008,20682.78140258789,,32768.0,,,,,,time,blocked: lower width failed at stages=128 (time limit)
CPU,8192,512,10801015408,10801.015408,41362.93765258789,,32768.0,,,,,,oom,pre-run: model size >= 32768 MiB (est. 41363 MiB)
CPU,16384,512,21601348208,21601.348208,82723.25015258789,,32768.0,,,,,,oom,pre-run: model size >= 32768 MiB (est. 82723 MiB)
CPU,32768,512,43202013808,43202.013808,165443.8751525879,,32768.0,,,,,,oom,pre-run: model size >= 32768 MiB (est. 165444 MiB)
CPU,65536,512,86403345008,86403.345008,330885.1251525879,,32768.0,,,,,,oom,pre-run: model size >= 32768 MiB (est. 330885 MiB)
CPU,131072,512,172806007408,172806.007408,661767.6251525879,,32768.0,,,,,,oom,pre-run: model size >= 32768 MiB (est. 661768 MiB)
CPU,262144,512,345611332208,345611.332208,1323532.625152588,,32768.0,,,,,,oom,pre-run: model size >= 32768 MiB (est. 1323533 MiB)
CPU,524288,512,691221981808,691221.981808,2647062.625152588,,32768.0,,,,,,oom,pre-run: model size >= 32768 MiB (est. 2647063 MiB)
CPU,1048576,512,1382443281008,1382443.281008,5294122.625152588,,32768.0,,,,,,oom,pre-run: model size >= 32768 MiB (est. 5294123 MiB)
CPU,0,1024,897648,0.897648,3.464996337890625,0.0,32768.0,71.21480000205338,75.04730000073323,73.61289999971632,73.6559999997553,0.9860993689352852,,
CPU,1,1024,6155888,6.155888,23.56269073486328,0.0,32768.0,99.77690000232542,117.09419999533566,105.9360499966715,106.53932999848621,5.398555241185148,,
CPU,2,1024,11414128,11.414128,43.66038513183594,0.0,32768.0,125.80960000195773,155.2869000006467,139.02770000277087,140.1024500002677,8.73569927180532,,
CPU,4,1024,21930608,21.930608,83.85577392578125,0.0,32768.0,176.7524000024423,222.44010000576964,196.1878500005696,196.3502700011304,13.255894660001353,,
CPU,8,1024,42963568,42.963568,164.24655151367188,0.0,32768.0,289.2822000067099,336.2297999992734,321.02579999991576,316.7955400007486,14.358337575883038,,
CPU,16,1024,85029488,85.029488,325.0281066894531,0.0,32768.0,530.2005000048666,617.9226000022027,572.291349999432,571.6735699999845,27.048436840012524,,
CPU,32,1024,169161328,169.161328,646.5912170410156,,32768.0,,,,,,time,run took 1081.56 ms (> 1000 ms)
CPU,64,1024,337425008,337.425008,1289.7174377441406,,32768.0,,,,,,time,blocked: lower width failed at stages=32 (time limit)
CPU,128,1024,673952368,673.952368,2575.9698791503906,,32768.0,,,,,,time,blocked: lower width failed at stages=32 (time limit)
CPU,256,1024,1347007088,1347.007088,5148.474761962891,,32768.0,,,,,,time,blocked: lower width failed at stages=32 (time limit)
CPU,512,1024,2693116528,2693.116528,10293.48452758789,,32768.0,,,,,,time,blocked: lower width failed at stages=32 (time limit)
CPU,1024,1024,5385335408,5385.335408,20583.50405883789,,32768.0,,,,,,time,blocked: lower width failed at stages=32 (time limit)
CPU,2048,1024,10769773168,10769.773168,41163.54312133789,,32768.0,,,,,,oom,pre-run: model size >= 32768 MiB (est. 41164 MiB)
CPU,4096,1024,21538648688,21538.648688,82323.62124633789,,32768.0,,,,,,oom,pre-run: model size >= 32768 MiB (est. 82324 MiB)
CPU,8192,1024,43076399728,43076.399728,164643.7774963379,,32768.0,,,,,,oom,pre-run: model size >= 32768 MiB (est. 164644 MiB)
CPU,16384,1024,86151901808,86151.901808,329284.0899963379,,32768.0,,,,,,oom,pre-run: model size >= 32768 MiB (est. 329284 MiB)
CPU,32768,1024,172302905968,172302.905968,658564.7149963379,,32768.0,,,,,,oom,pre-run: model size >= 32768 MiB (est. 658565 MiB)
CPU,65536,1024,344604914288,344604.914288,1317125.964996338,,32768.0,,,,,,oom,pre-run: model size >= 32768 MiB (est. 1317126 MiB)
CPU,131072,1024,689208930928,689208.930928,2634248.464996338,,32768.0,,,,,,oom,pre-run: model size >= 32768 MiB (est. 2634248 MiB)
CPU,262144,1024,1378416964208,1378416.964208,5268493.464996338,,32768.0,,,,,,oom,pre-run: model size >= 32768 MiB (est. 5268493 MiB)
CPU,524288,1024,2756833030768,2756833.030768,10536983.464996338,,32768.0,,,,,,oom,pre-run: model size >= 32768 MiB (est. 10536983 MiB)
CPU,1048576,1024,5513665163888,5513665.163888,21073963.464996338,,32768.0,,,,,,oom,pre-run: model size >= 32768 MiB (est. 21073963 MiB)
CPU,0,2048,1327728,1.327728,5.144683837890625,0.0,32768.0,76.84670000162441,83.99800000188407,80.92989999931888,80.43745000104536,2.39650464518056,,
CPU,1,2048,22329968,22.329968,85.34003448486328,0.0,32768.0,184.34420000266982,208.0820000046515,198.17210000110208,197.14157999987947,7.355037235722845,,
CPU,2,2048,43332208,43.332208,165.53538513183594,0.0,32768.0,286.14209999796003,324.0028000000166,309.7446499996295,306.657709999854,13.895325658365046,,
CPU,4,2048,85336688,85.336688,325.92608642578125,0.0,32768.0,473.488499999803,581.0233000011067,548.8540999976976,545.4692899998918,32.808387573186955,,
CPU,8,2048,169345648,169.345648,646.7074890136719,,32768.0,,,,,,time,run took 1025.96 ms (> 1000 ms)
CPU,16,2048,337363568,337.363568,1288.2702941894531,,32768.0,,,,,,time,blocked: lower width failed at stages=8 (time limit)
CPU,32,2048,673399408,673.399408,2571.3959045410156,,32768.0,,,,,,time,blocked: lower width failed at stages=8 (time limit)
CPU,64,2048,1345471088,1345.471088,5137.647125244141,,32768.0,,,,,,time,blocked: lower width failed at stages=8 (time limit)
CPU,128,2048,2689614448,2689.614448,10270.14956665039,,32768.0,,,,,,time,blocked: lower width failed at stages=8 (time limit)
CPU,256,2048,5377901168,5377.901168,20535.15444946289,,32768.0,,,,,,time,blocked: lower width failed at stages=8 (time limit)
CPU,512,2048,10754474608,10754.474608,41065.16421508789,,32768.0,,,,,,oom,pre-run: model size >= 32768 MiB (est. 41065 MiB)
CPU,1024,2048,21507621488,21507.621488,82125.18374633789,,32768.0,,,,,,oom,pre-run: model size >= 32768 MiB (est. 82125 MiB)
CPU,2048,2048,43013915248,43013.915248,164245.2228088379,,32768.0,,,,,,oom,pre-run: model size >= 32768 MiB (est. 164245 MiB)
CPU,4096,2048,86026502768,86026.502768,328485.3009338379,,32768.0,,,,,,oom,pre-run: model size >= 32768 MiB (est. 328485 MiB)
CPU,8192,2048,172051677808,172051.677808,656965.4571838379,,32768.0,,,,,,oom,pre-run: model size >= 32768 MiB (est. 656965 MiB)
CPU,16384,2048,344102027888,344102.027888,1313925.769683838,,32768.0,,,,,,oom,pre-run: model size >= 32768 MiB (est. 1313926 MiB)
CPU,32768,2048,688202728048,688202.728048,2627846.394683838,,32768.0,,,,,,oom,pre-run: model size >= 32768 MiB (est. 2627846 MiB)
CPU,65536,2048,1376404128368,1376404.128368,5255687.644683838,,32768.0,,,,,,oom,pre-run: model size >= 32768 MiB (est. 5255688 MiB)
CPU,131072,2048,2752806929008,2752806.929008,10511370.144683838,,32768.0,,,,,,oom,pre-run: model size >= 32768 MiB (est. 10511370 MiB)
CPU,262144,2048,5505612530288,5505612.530288,21022735.144683838,,32768.0,,,,,,oom,pre-run: model size >= 32768 MiB (est. 21022735 MiB)
CPU,524288,2048,11011223732848,11011223.732848,42045465.14468384,,32768.0,,,,,,oom,pre-run: model size >= 32768 MiB (est. 42045465 MiB)
CPU,1048576,2048,22022446137968,22022446.137968,84090925.14468384,,32768.0,,,,,,oom,pre-run: model size >= 32768 MiB (est. 84090925 MiB)
CPU,0,4096,2187888,2.187888,8.504058837890625,0.0,32768.0,92.64629999961471,98.64809999999125,94.10580000258051,94.49441000106162,1.777232412418394,,
CPU,1,4096,86135408,86.135408,328.8947219848633,0.0,32768.0,481.84660000697477,531.3347999981488,509.96500000110245,505.8586100007233,16.617232259184103,,
CPU,2,4096,170082928,170.082928,649.2853851318359,0.0,32768.0,893.9965000026859,974.1340000036871,908.3006500004558,916.0392700010561,24.703455557658767,,
CPU,4,4096,337977968,337.977968,1290.0667114257812,,32768.0,,,,,,time,run took 1784.38 ms (> 1000 ms)
CPU,8,4096,673768048,673.768048,2571.629364013672,,32768.0,,,,,,time,blocked: lower width failed at stages=4 (time limit)
CPU,16,4096,1345348208,1345.348208,5134.754669189453,,32768.0,,,,,,time,blocked: lower width failed at stages=4 (time limit)
CPU,32,4096,2688508528,2688.508528,10261.005279541016,,32768.0,,,,,,time,blocked: lower width failed at stages=4 (time limit)
CPU,64,4096,5374829168,5374.829168,20513.50650024414,,32768.0,,,,,,time,blocked: lower width failed at stages=4 (time limit)
CPU,128,4096,10747470448,10747.470448,41018.50894165039,,32768.0,,,,,,oom,pre-run: model size >= 32768 MiB (est. 41019 MiB)
CPU,256,4096,21492753008,21492.753008,82028.51382446289,,32768.0,,,,,,oom,pre-run: model size >= 32768 MiB (est. 82029 MiB)
CPU,512,4096,42983318128,42983.318128,164048.5235900879,,32768.0,,,,,,oom,pre-run: model size >= 32768 MiB (est. 164049 MiB)
CPU,1024,4096,85964448368,85964.448368,328088.5431213379,,32768.0,,,,,,oom,pre-run: model size >= 32768 MiB (est. 328089 MiB)
CPU,2048,4096,171926708848,171926.708848,656168.5821838379,,32768.0,,,,,,oom,pre-run: model size >= 32768 MiB (est. 656169 MiB)
CPU,4096,4096,343851229808,343851.229808,1312328.660308838,,32768.0,,,,,,oom,pre-run: model size >= 32768 MiB (est. 1312329 MiB)
CPU,8192,4096,687700271728,687700.271728,2624648.816558838,,32768.0,,,,,,oom,pre-run: model size >= 32768 MiB (est. 2624649 MiB)
CPU,16384,4096,1375398355568,1375398.355568,5249289.129058838,,32768.0,,,,,,oom,pre-run: model size >= 32768 MiB (est. 5249289 MiB)
CPU,32768,4096,2750794523248,2750794.523248,10498569.754058838,,32768.0,,,,,,oom,pre-run: model size >= 32768 MiB (est. 10498570 MiB)
CPU,65536,4096,5501586858608,5501586.858608,20997131.004058838,,32768.0,,,,,,oom,pre-run: model size >= 32768 MiB (est. 20997131 MiB)
CPU,131072,4096,11003171529328,11003171.529328,41994253.50405884,,32768.0,,,,,,oom,pre-run: model size >= 32768 MiB (est. 41994254 MiB)
CPU,262144,4096,22006340870768,22006340.870768,83988498.50405884,,32768.0,,,,,,oom,pre-run: model size >= 32768 MiB (est. 83988499 MiB)
CPU,524288,4096,44012679553648,44012679.553648,167976988.50405884,,32768.0,,,,,,oom,pre-run: model size >= 32768 MiB (est. 167976989 MiB)
CPU,1048576,4096,88025356919408,88025356.919408,335953968.50405884,,32768.0,,,,,,oom,pre-run: model size >= 32768 MiB (est. 335953969 MiB)
CPU,0,8192,3908208,3.908208,15.222808837890625,0.0,32768.0,126.08990000444464,133.78959999681683,129.54050000189454,129.71644000062952,2.418406248205342,,
CPU,1,8192,339575408,339.575408,1296.0040969848633,,32768.0,,,,,,time,run took 1700.48 ms (> 1000 ms)
CPU,2,8192,675242608,675.242608,2576.785385131836,,32768.0,,,,,,time,blocked: lower width failed at stages=1 (time limit)
CPU,4,8192,1346577008,1346.577008,5138.347961425781,,32768.0,,,,,,time,blocked: lower width failed at stages=1 (time limit)
CPU,8,8192,2689245808,2689.245808,10261.473114013672,,32768.0,,,,,,time,blocked: lower width failed at stages=1 (time limit)
CPU,16,8192,5374583408,5374.583408,20507.723419189453,,32768.0,,,,,,time,blocked: lower width failed at stages=1 (time limit)
CPU,32,8192,10745258608,10745.258608,41000.224029541016,,32768.0,,,,,,oom,pre-run: model size >= 32768 MiB (est. 41000 MiB)
CPU,64,8192,21486609008,21486.609008,81985.22525024414,,32768.0,,,,,,oom,pre-run: model size >= 32768 MiB (est. 81985 MiB)
CPU,128,8192,42969309808,42969.309808,163955.2276916504,,32768.0,,,,,,oom,pre-run: model size >= 32768 MiB (est. 163955 MiB)
CPU,256,8192,85934711408,85934.711408,327895.2325744629,,32768.0,,,,,,oom,pre-run: model size >= 32768 MiB (est. 327895 MiB)
CPU,512,8192,171865514608,171865.514608,655775.2423400879,,32768.0,,,,,,oom,pre-run: model size >= 32768 MiB (est. 655775 MiB)
CPU,1024,8192,343727121008,343727.121008,1311535.261871338,,32768.0,,,,,,oom,pre-run: model size >= 32768 MiB (est. 1311535 MiB)
CPU,2048,8192,687450333808,687450.333808,2623055.300933838,,32768.0,,,,,,oom,pre-run: model size >= 32768 MiB (est. 2623055 MiB)
CPU,4096,8192,1374896759408,1374896.759408,5246095.379058838,,32768.0,,,,,,oom,pre-run: model size >= 32768 MiB (est. 5246095 MiB)
CPU,8192,8192,2749789610608,2749789.610608,10492175.535308838,,32768.0,,,,,,oom,pre-run: model size >= 32768 MiB (est. 10492176 MiB)
CPU,16384,8192,5499575313008,5499575.313008,20984335.847808838,,32768.0,,,,,,oom,pre-run: model size >= 32768 MiB (est. 20984336 MiB)
CPU,32768,8192,10999146717808,10999146.717808,41968656.47280884,,32768.0,,,,,,oom,pre-run: model size >= 32768 MiB (est. 41968656 MiB)
CPU,65536,8192,21998289527408,21998289.527408,83937297.72280884,,32768.0,,,,,,oom,pre-run: model size >= 32768 MiB (est. 83937298 MiB)
CPU,131072,8192,43996575146608,43996575.146608,167874580.22280884,,32768.0,,,,,,oom,pre-run: model size >= 32768 MiB (est. 167874580 MiB)
CPU,262144,8192,87993146385008,87993146.385008,335749145.22280884,,32768.0,,,,,,oom,pre-run: model size >= 32768 MiB (est. 335749145 MiB)
CPU,524288,8192,175986288861808,175986288.861808,671498275.2228088,,32768.0,,,,,,oom,pre-run: model size >= 32768 MiB (est. 671498275 MiB)
CPU,1048576,8192,351972573815408,351972573.815408,1342996535.2228088,,32768.0,,,,,,oom,pre-run: model size >= 32768 MiB (est. 1342996535 MiB)
CPU,0,16384,7348848,7.348848,28.660308837890625,0.0,32768.0,191.46750000072643,208.09129999543075,201.04855000317912,200.50744000109262,4.33026098823666,,
CPU,1,16384,1349771888,1349.771888,5150.222846984863,,32768.0,,,,,,time,blocked: lower width failed at stages=1 (time limit)
CPU,2,16384,2692194928,2692.194928,10271.785385131836,,32768.0,,,,,,time,blocked: lower width failed at stages=1 (time limit)
CPU,4,16384,5377041008,5377.041008,20514.91046142578,,32768.0,,,,,,time,blocked: lower width failed at stages=1 (time limit)
CPU,8,16384,10746733168,10746.733168,41001.16061401367,,32768.0,,,,,,oom,pre-run: model size >= 32768 MiB (est. 41001 MiB)
CPU,16,16384,21486117488,21486.117488,81973.66091918945,,32768.0,,,,,,oom,pre-run: model size >= 32768 MiB (est. 81974 MiB)
CPU,32,16384,42964886128,42964.886128,163918.66152954102,,32768.0,,,,,,oom,pre-run: model size >= 32768 MiB (est. 163919 MiB)
CPU,64,16384,85922423408,85922.423408,327808.66275024414,,32768.0,,,,,,oom,pre-run: model size >= 32768 MiB (est. 327809 MiB)
CPU,128,16384,171837497968,171837.497968,655588.6651916504,,32768.0,,,,,,oom,pre-run: model size >= 32768 MiB (est. 655589 MiB)
CPU,256,16384,343667647088,343667.647088,1311148.670074463,,32768.0,,,,,,oom,pre-run: model size >= 32768 MiB (est. 1311149 MiB)
CPU,512,16384,687327945328,687327.945328,2622268.679840088,,32768.0,,,,,,oom,pre-run: model size >= 32768 MiB (est. 2622269 MiB)
CPU,1024,16384,1374648541808,1374648.541808,5244508.699371338,,32768.0,,,,,,oom,pre-run: model size >= 32768 MiB (est. 5244509 MiB)
CPU,2048,16384,2749289734768,2749289.734768,10488988.738433838,,32768.0,,,,,,oom,pre-run: model size >= 32768 MiB (est. 10488989 MiB)
CPU,4096,16384,5498572120688,5498572.120688,20977948.816558838,,32768.0,,,,,,oom,pre-run: model size >= 32768 MiB (est. 20977949 MiB)
CPU,8192,16384,10997136892528,10997136.892528,41955868.97280884,,32768.0,,,,,,oom,pre-run: model size >= 32768 MiB (est. 41955869 MiB)
CPU,16384,16384,21994266436208,21994266.436208,83911709.28530884,,32768.0,,,,,,oom,pre-run: model size >= 32768 MiB (est. 83911709 MiB)
CPU,32768,16384,43988525523568,43988525.523568,167823389.91030884,,32768.0,,,,,,oom,pre-run: model size >= 32768 MiB (est. 167823390 MiB)
CPU,65536,16384,87977043698288,87977043.698288,335646751.16030884,,32768.0,,,,,,oom,pre-run: model size >= 32768 MiB (est. 335646751 MiB)
CPU,131072,16384,175954080047728,175954080.047728,671293473.6603088,,32768.0,,,,,,oom,pre-run: model size >= 32768 MiB (est. 671293474 MiB)
CPU,262144,16384,351908152746608,351908152.746608,1342586918.6603088,,32768.0,,,,,,oom,pre-run: model size >= 32768 MiB (est. 1342586919 MiB)
CPU,524288,16384,703816298144368,703816298.144368,2685173808.660309,,32768.0,,,,,,oom,pre-run: model size >= 32768 MiB (est. 2685173809 MiB)
CPU,1048576,16384,1407632588939888,1407632588.939888,5370347588.660309,,32768.0,,,,,,oom,pre-run: model size >= 32768 MiB (est. 5370347589 MiB)
CPU,0,32768,14230128,14.230128,55.535308837890625,0.0,32768.0,330.5795999986003,344.9856000006548,340.11644999918644,338.7321999995038,4.436373911238641,,
CPU,1,32768,5383430768,5383.430768,20538.660346984863,,32768.0,,,,,,time,blocked: lower width failed at stages=1 (time limit)
CPU,2,32768,10752631408,10752.631408,41021.785385131836,,32768.0,,,,,,oom,pre-run: model size >= 32768 MiB (est. 41022 MiB)
CPU,4,32768,21491032688,21491.032688,81988.03546142578,,32768.0,,,,,,oom,pre-run: model size >= 32768 MiB (est. 81988 MiB)
CPU,8,32768,42967835248,42967.835248,163920.53561401367,,32768.0,,,,,,oom,pre-run: model size >= 32768 MiB (est. 163921 MiB)
CPU,16,32768,85921440368,85921.440368,327785.53591918945,,32768.0,,,,,,oom,pre-run: model size >= 32768 MiB (est. 327786 MiB)
CPU,32,32768,171828650608,171828.650608,655515.536529541,,32768.0,,,,,,oom,pre-run: model size >= 32768 MiB (est. 655516 MiB)
CPU,64,32768,343643071088,343643.071088,1310975.5377502441,,32768.0,,,,,,oom,pre-run: model size >= 32768 MiB (est. 1310976 MiB)
CPU,128,32768,687271912048,687271.912048,2621895.5401916504,,32768.0,,,,,,oom,pre-run: model size >= 32768 MiB (est. 2621896 MiB)
CPU,256,32768,1374529593968,1374529.593968,5243735.545074463,,32768.0,,,,,,oom,pre-run: model size >= 32768 MiB (est. 5243736 MiB)
CPU,512,32768,2749044957808,2749044.957808,10487415.554840088,,32768.0,,,,,,oom,pre-run: model size >= 32768 MiB (est. 10487416 MiB)
CPU,1024,32768,5498075685488,5498075.685488,20974775.574371338,,32768.0,,,,,,oom,pre-run: model size >= 32768 MiB (est. 20974776 MiB)
CPU,2048,32768,10996137140848,10996137.140848,41949495.61343384,,32768.0,,,,,,oom,pre-run: model size >= 32768 MiB (est. 41949496 MiB)
CPU,4096,32768,21992260051568,21992260.051568,83898935.69155884,,32768.0,,,,,,oom,pre-run: model size >= 32768 MiB (est. 83898936 MiB)
CPU,8192,32768,43984505873008,43984505.873008,167797815.84780884,,32768.0,,,,,,oom,pre-run: model size >= 32768 MiB (est. 167797816 MiB)
CPU,16384,32768,87968997515888,87968997.515888,335595576.16030884,,32768.0,,,,,,oom,pre-run: model size >= 32768 MiB (est. 335595576 MiB)
CPU,32768,32768,175937980801648,175937980.801648,671191096.7853088,,32768.0,,,,,,oom,pre-run: model size >= 32768 MiB (est. 671191097 MiB)
CPU,65536,32768,351875947373168,351875947.373168,1342382138.0353088,,32768.0,,,,,,oom,pre-run: model size >= 32768 MiB (est. 1342382138 MiB)
CPU,131072,32768,703751880516208,703751880.516208,2684764220.535309,,32768.0,,,,,,oom,pre-run: model size >= 32768 MiB (est. 2684764221 MiB)
CPU,262144,32768,1407503746802288,1407503746.802288,5369528385.535309,,32768.0,,,,,,oom,pre-run: model size >= 32768 MiB (est. 5369528386 MiB)
CPU,524288,32768,2815007479374448,2815007479.374448,10739056715.535309,,32768.0,,,,,,oom,pre-run: model size >= 32768 MiB (est. 10739056716 MiB)
CPU,1048576,32768,5630014944518768,5630014944.518768,21478113375.53531,,32768.0,,,,,,oom,pre-run: model size >= 32768 MiB (est. 21478113376 MiB)
