time_index,loudness_zwtv_target,loudness_zwtv_pred,sharpness_din_tv_target,sharpness_din_tv_pred,roughness_dw_target,roughness_dw_pred,tnr_ecma_perseg_target,tnr_ecma_perseg_pred,sii_ansi_target,sii_ansi_pred
0,0.0033890775,-0.17488231,,-0.2169579,0.012618146,0.19163617,0.0,6.267493,0.0,0.1266769
1,1.4280682,0.43515894,,1.6465827,0.01787645,0.19310522,0.0,4.454102,,
2,4.572103,1.6605618,,1.4283837,0.040521234,0.19305536,,,,
3,7.914953,2.756806,,1.0447366,0.10448214,0.19357523,,,,
4,10.645561,3.594821,,0.8498938,0.069352694,0.19559602,,,,
5,12.330976,4.2270494,4.5039864,2.6945534,0.09611591,0.19593607,,,,
6,13.541121,4.711776,4.557047,2.4000907,0.10171082,0.1931682,,,,
7,15.123404,5.0921884,4.213525,2.208961,0.08051557,0.19570947,,,,
8,16.124947,5.4029536,3.7043617,2.078261,0.020820536,0.19292587,,,,
9,16.573915,5.6633368,3.6736543,1.9834211,,,,,,
10,17.201982,5.887056,3.539948,1.9017295,,,,,,
11,17.92492,6.083726,3.5668542,1.8385589,,,,,,
12,18.1778,6.258246,3.227779,1.7846608,,,,,,
13,18.378428,6.419029,3.2392707,1.7359653,,,,,,
14,18.78141,6.565727,3.3095005,1.6900597,,,,,,
15,19.47291,6.703556,3.1890142,1.6505641,,,,,,
16,19.841003,6.832853,2.997978,1.6141219,,,,,,
17,19.833628,6.9560585,3.0460348,1.5827757,,,,,,
18,20.017004,7.0735683,3.0579288,1.5517662,,,,,,
19,19.932905,7.1870875,2.7280369,1.5244542,,,,,,
20,20.098103,7.293796,2.971279,1.4973097,,,,,,
21,20.795517,7.3981085,2.848842,1.4783307,,,,,,
22,20.89521,7.4970694,2.6557803,1.4563934,,,,,,
23,21.175108,7.594172,2.7592506,1.4324402,,,,,,
24,21.637018,7.686069,2.8424118,1.4142514,,,,,,
25,22.116772,7.7760344,2.7657318,1.3967488,,,,,,
26,22.498014,7.862778,2.7229128,1.3784493,,,,,,
27,22.71053,7.9490385,2.704388,1.3624578,,,,,,
28,23.087088,8.033006,2.5758302,1.3492724,,,,,,
29,23.115623,8.11517,2.4615343,1.3347113,,,,,,
30,23.419027,8.195383,2.670495,1.3205934,,,,,,
31,24.384018,8.273895,2.8608346,1.3043033,,,,,,
32,24.965387,8.349181,2.6464102,1.2908882,,,,,,
33,24.985456,8.422035,2.4693666,1.2759659,,,,,,
34,24.621202,8.494727,2.3061204,1.2674379,,,,,,
35,24.158844,8.566003,2.2572176,1.2559043,,,,,,
36,24.170675,8.633726,2.368868,1.243962,,,,,,
37,24.603996,8.699522,2.3869207,1.2293494,,,,,,
38,25.007166,8.762792,2.5394084,1.2178473,,,,,,
39,25.386354,8.821555,2.436488,1.2073452,,,,,,
40,25.42567,8.878376,2.3126504,1.1996173,,,,,,
41,25.61956,8.935132,2.2751555,1.1909301,,,,,,
42,25.748917,8.991025,2.2998447,1.1833272,,,,,,
43,25.96378,9.043835,2.29286,1.173411,,,,,,
44,25.765812,9.097635,2.197339,1.1665498,,,,,,
45,25.244732,9.148883,2.1907983,1.1597432,,,,,,
46,25.246483,9.198893,2.3705826,1.1532354,,,,,,
47,25.580717,9.247418,2.3521867,1.1472846,,,,,,
48,25.749186,9.295516,2.2467072,1.1408325,,,,,,
49,26.057829,9.340514,2.3154504,1.1352752,,,,,,
50,26.51019,9.387454,2.2961755,1.1316307,,,,,,
51,26.642097,9.433494,2.2427247,1.1296355,,,,,,
52,26.914877,9.478087,2.2363176,1.122724,,,,,,
53,27.021852,9.521081,2.116295,1.1190482,,,,,,
54,27.08898,9.562073,2.119246,1.1132551,,,,,,
55,27.497475,9.601624,2.2242727,1.1061349,,,,,,
56,27.91822,9.639662,2.0593235,1.1010499,,,,,,
57,28.07876,9.676837,2.194075,1.0975434,,,,,,
58,28.294674,9.712077,2.118761,1.0900522,,,,,,
59,28.25771,9.748153,2.0134423,1.0840334,,,,,,
60,27.909334,9.78226,1.9768984,1.0823096,,,,,,
61,27.737488,9.814929,2.0877147,1.0770618,,,,,,
62,27.967787,9.848284,2.2040908,1.0726101,,,,,,
63,28.584972,9.8802185,2.1953015,1.0682757,,,,,,
64,28.652775,9.910459,2.0731578,1.0649086,,,,,,
65,28.594526,9.941421,2.0886774,1.0658238,,,,,,
66,28.66631,9.970026,2.2088075,1.0618842,,,,,,
67,28.817862,9.996923,2.0775561,1.0527365,,,,,,
68,28.489748,10.02263,2.0031283,1.0499203,,,,,,
69,28.461143,10.047291,2.1224816,1.0446872,,,,,,
70,28.462904,10.070064,2.1546404,1.0411351,,,,,,
71,28.321762,10.093026,2.0421784,1.038746,,,,,,
72,28.234127,10.115472,2.0044663,1.036311,,,,,,
73,28.418402,10.137798,2.143089,1.03192,,,,,,
74,28.744505,10.159387,2.0745964,1.0276034,,,,,,
75,28.735792,10.18053,1.9838306,1.0280247,,,,,,
76,28.524601,10.20121,2.0257125,1.025276,,,,,,
77,28.526287,10.221817,1.9854921,1.0213851,,,,,,
78,28.752068,10.242833,2.1247096,1.0213207,,,,,,
79,29.235632,10.260272,2.1281903,1.0178978,,,,,,
80,29.317646,10.277288,2.009594,1.0146282,,,,,,
81,29.14425,10.294974,1.9828221,1.0126598,,,,,,
82,29.051748,10.312377,1.9121535,1.0116996,,,,,,
83,28.55115,10.329936,1.8702883,1.0085876,,,,,,
84,28.160683,10.345906,1.9390416,1.0079961,,,,,,
85,28.467348,10.361598,2.0254507,1.0054729,,,,,,
86,29.144398,10.377517,2.114797,1.0066867,,,,,,
87,29.319824,10.393849,1.9793248,1.0039655,,,,,,
88,29.325045,10.410122,1.9309889,1.0017543,,,,,,
89,29.567976,10.425009,1.8949596,0.9985421,,,,,,
90,29.683104,10.439422,1.9898113,0.9969454,,,,,,
91,29.741604,10.454071,2.0795374,0.9944703,,,,,,
92,29.769665,10.468355,1.9104872,0.9913274,,,,,,
93,29.78758,10.481774,2.0293586,0.9914235,,,,,,
94,30.04954,10.494719,2.0133355,0.99402237,,,,,,
95,29.937572,10.508615,1.8682158,0.9889345,,,,,,
96,29.661411,10.5211525,1.9170333,0.9902889,,,,,,
97,29.573141,10.531585,1.9861214,0.98627746,,,,,,
98,29.73178,10.541557,2.0537877,0.9853192,,,,,,
99,29.593214,10.550706,2.001583,0.9871335,,,,,,
100,29.339798,10.560975,1.9793802,0.98215544,,,,,,
101,29.262897,10.5696535,2.1413167,0.9812902,,,,,,
102,29.772509,10.580726,2.2763546,0.979586,,,,,,
103,30.087555,10.589364,2.037645,0.9756741,,,,,,
104,30.02281,10.598393,1.963164,0.9759043,,,,,,
105,30.217318,10.607994,2.198749,0.97615415,,,,,,
106,30.94999,10.617357,2.180455,0.9770309,,,,,,
107,31.21722,10.627141,2.057849,0.9762316,,,,,,
108,31.263803,10.635617,1.9716965,0.97319084,,,,,,
109,31.137104,10.644471,1.9447851,0.9751442,,,,,,
110,30.936049,10.651906,1.8593891,0.9705989,,,,,,
111,30.552845,10.659992,1.8815212,0.970752,,,,,,
112,30.549185,10.668116,2.001402,0.96909016,,,,,,
113,30.881226,10.675389,2.076646,0.9699266,,,,,,
114,31.170294,10.683913,2.0357997,0.9687997,,,,,,
115,30.96374,10.693713,1.9321979,0.9695937,,,,,,
116,30.596802,10.702399,1.8734759,0.96814543,,,,,,
117,30.122557,10.710841,1.9033037,0.96887034,,,,,,
118,30.175783,10.718302,2.0084455,0.96801025,,,,,,
119,30.397907,10.725247,2.0081086,0.9686296,,,,,,
120,30.821789,10.733184,2.0763693,0.9677929,,,,,,
121,31.01103,10.740776,2.0423079,0.96593463,,,,,,
122,30.80087,10.747971,1.9069062,0.96567655,,,,,,
123,30.665564,10.7549,2.030246,0.9671105,,,,,,
124,30.643732,10.760961,2.0602236,0.965113,,,,,,
125,30.906942,10.767652,2.0028846,0.9638822,,,,,,
126,31.039549,10.7733345,1.9411303,0.9635179,,,,,,
127,31.330616,10.778133,2.0140848,0.96029955,,,,,,
128,31.271606,10.783581,1.8421007,0.9600829,,,,,,
129,31.275026,10.787353,1.9621608,0.95890015,,,,,,
130,31.619839,10.791251,2.0331783,0.9568347,,,,,,
131,31.682318,10.796475,1.9659348,0.95741516,,,,,,
132,31.25978,10.800994,1.8318642,0.9574393,,,,,,
133,31.01981,10.806168,2.0091655,0.95845914,,,,,,
134,30.885225,10.810513,1.8993491,0.9593859,,,,,,
135,30.521582,10.815511,1.891719,0.96075714,,,,,,
136,30.410263,10.819965,1.9052185,0.9609163,,,,,,
137,30.844254,10.823453,2.0411596,0.9599315,,,,,,
138,31.380856,10.828774,1.9325984,0.9587818,,,,,,
139,31.205568,10.831239,1.8210151,0.9588195,,,,,,
140,30.776308,10.837192,1.8446594,0.9607421,,,,,,
141,30.27211,10.842243,1.8101779,0.9602795,,,,,,
142,30.345604,10.846959,1.9303321,0.95706356,,,,,,
143,30.694178,10.8506365,1.9945371,0.9589926,,,,,,
144,31.148388,10.856617,2.1084151,0.95821506,,,,,,
145,31.515472,10.862518,2.0091004,0.95777285,,,,,,
146,31.644499,10.865938,2.0366569,0.9570596,,,,,,
147,31.881474,10.870486,2.00934,0.9585124,,,,,,
148,31.778347,10.875681,1.8987303,0.95800674,,,,,,
149,31.739735,10.87925,2.020085,0.9566478,,,,,,
150,32.115536,10.881566,1.9201416,0.95631003,,,,,,
151,32.110428,10.883766,1.8819119,0.95484275,,,,,,
152,32.165546,10.885452,1.928699,0.9553142,,,,,,
153,31.803751,10.886414,1.9413284,0.9553353,,,,,,
154,31.441582,10.890285,1.9733843,0.957663,,,,,,
155,31.339684,10.895244,1.9477193,0.95834297,,,,,,
156,31.481613,10.898417,2.003353,0.95593834,,,,,,
157,31.848776,10.902844,2.1161077,0.9547064,,,,,,
158,32.173927,10.903975,2.1558726,0.95196193,,,,,,
159,32.138725,10.905705,1.9680207,0.95177394,,,,,,
160,32.10962,10.907849,2.0554285,0.9533528,,,,,,
161,32.51291,10.911698,1.9797443,0.9569075,,,,,,
162,32.402363,10.915673,1.778339,0.9554681,,,,,,
163,31.760206,10.919395,1.7894009,0.9581803,,,,,,
164,31.825521,10.92396,2.0464587,0.9557786,,,,,,
165,32.05121,10.928232,1.9453117,0.9584378,,,,,,
166,31.932135,10.932445,1.8507504,0.9596893,,,,,,
167,31.821447,10.935811,1.9667997,0.9603622,,,,,,
168,32.214188,10.939513,2.006235,0.95766217,,,,,,
169,32.10931,10.941892,1.8539584,0.95455724,,,,,,
170,31.941498,10.943775,1.8979378,0.9551132,,,,,,
171,32.088,10.94553,1.9383798,0.95781356,,,,,,
172,31.770052,10.947741,1.8353443,0.95547426,,,,,,
173,31.489647,10.951484,1.9275968,0.95807207,,,,,,
174,31.721127,10.954998,1.9915807,0.9558387,,,,,,
175,31.853355,10.95871,1.8708463,0.9556259,,,,,,
176,31.368435,10.960803,1.7505817,0.9540366,,,,,,
177,31.058214,10.964081,1.9764719,0.953802,,,,,,
178,30.928537,10.965379,1.9348706,0.9546477,,,,,,
179,31.3137,10.965627,2.0665655,0.95233613,,,,,,
180,31.807217,10.968099,1.999161,0.95451134,,,,,,
181,32.217518,10.969488,2.024546,0.95205605,,,,,,
182,32.417633,10.971652,1.961686,0.9510534,,,,,,
183,32.271782,10.973814,1.8491555,0.95143974,,,,,,
184,32.074345,10.975159,1.8737104,0.9508225,,,,,,
185,31.873352,10.97636,1.8646274,0.9515474,,,,,,
186,31.313318,10.97916,1.7635359,0.9517682,,,,,,
187,30.926056,10.981922,1.8822346,0.9541105,,,,,,
188,30.956522,10.985438,2.0399384,0.9553503,,,,,,
189,31.213413,10.989339,1.9864726,0.95240986,,,,,,
190,31.289213,10.992756,1.954134,0.95261407,,,,,,
191,31.656956,10.995691,2.121116,0.9550508,,,,,,
192,32.558506,10.996816,1.9821278,0.95193934,,,,,,
193,32.552216,10.998741,1.880304,0.95495063,,,,,,
194,32.335693,11.001337,1.9399279,0.9549341,,,,,,
195,32.278625,11.004466,1.81833,0.9560412,,,,,,
196,31.776464,11.00576,1.7768701,0.95396847,,,,,,
197,31.662413,11.007585,1.8817159,0.9530734,,,,,,
198,32.255783,11.008745,1.9631771,0.9530629,,,,,,
199,32.40991,11.010582,1.7965957,0.9541403,,,,,,
200,32.030293,11.012218,1.8179505,0.9537706,,,,,,
201,31.629519,11.014336,1.8011998,0.95674646,,,,,,
202,31.26084,11.015858,1.804947,0.9529506,,,,,,
203,31.068958,11.017522,1.8030269,0.9544207,,,,,,
204,31.558857,11.019481,2.042179,0.9528597,,,,,,
205,32.413673,11.022735,2.0566313,0.9531841,,,,,,
206,32.554203,11.024166,1.8990084,0.953358,,,,,,
207,32.34147,11.029024,1.8850428,0.95330083,,,,,,
208,32.22345,11.0316925,1.8870414,0.9530255,,,,,,
209,31.827145,11.034885,1.7773018,0.9539484,,,,,,
210,31.62631,11.037229,1.8953737,0.9537977,,,,,,
211,31.902294,11.040154,1.9151185,0.9563605,,,,,,
212,31.96046,11.04126,1.9083825,0.9534488,,,,,,
213,31.857628,11.044035,1.8937768,0.95269394,,,,,,
214,31.701977,11.045223,1.943928,0.9534289,,,,,,
215,31.901033,11.046701,1.962129,0.95381,,,,,,
216,32.199642,11.047052,1.9745753,0.9532796,,,,,,
217,32.52959,11.04797,1.867345,0.9531083,,,,,,
218,32.623634,11.048889,1.954389,0.954035,,,,,,
219,32.45685,11.050177,2.0232923,0.9538655,,,,,,
220,32.00333,11.052805,2.2002878,0.957081,,,,,,
221,31.645353,11.055392,2.0441766,0.9553365,,,,,,
222,31.338047,11.05721,1.9703002,0.95427114,,,,,,
223,31.46143,11.057517,1.9957407,0.95340383,,,,,,
224,31.795502,11.058575,2.0219479,0.95182395,,,,,,
225,32.248795,11.057688,1.9397229,0.9530076,,,,,,
226,32.379044,11.059233,2.0471804,0.95344186,,,,,,
227,32.58802,11.058757,2.0018053,0.95277905,,,,,,
228,32.352543,11.059811,1.846661,0.9513205,,,,,,
229,32.653435,11.060525,2.6241446,0.95467114,,,,,,
230,33.61534,11.061973,2.2674093,0.95201176,,,,,,
231,33.284615,11.061579,1.979881,0.94907403,,,,,,
232,33.017063,11.062832,2.159109,0.9521028,,,,,,
233,33.373535,11.061429,2.0565538,0.95205814,,,,,,
234,33.80174,11.063134,2.011206,0.95407116,,,,,,
235,33.84567,11.064887,1.961006,0.9552394,,,,,,
236,33.49995,11.06617,1.8713199,0.95582247,,,,,,
237,32.882664,11.066442,1.9003283,0.9540801,,,,,,
238,32.6176,11.066771,1.8859538,0.9541535,,,,,,
239,32.494358,11.065846,1.8790885,0.95232344,,,,,,
240,32.43843,11.0645685,1.9175632,0.9493947,,,,,,
241,32.396355,11.064074,1.9502834,0.95018554,,,,,,
242,32.227417,11.064062,1.8639554,0.95004344,,,,,,
243,31.76721,11.064213,1.8889441,0.94969034,,,,,,
244,32.137318,11.064754,2.0498583,0.9517169,,,,,,
245,32.86361,11.06458,2.0674424,0.95300484,,,,,,
246,32.950825,11.064661,1.9172139,0.9493456,,,,,,
247,32.70396,11.064797,1.8916175,0.9496717,,,,,,
248,32.589333,11.064673,1.9698308,0.9513236,,,,,,
249,32.44995,11.065883,1.8904744,0.9530553,,,,,,
250,32.455624,11.06494,1.8829175,0.9537803,,,,,,
251,32.45054,11.064714,2.056857,0.9519224,,,,,,
252,32.864613,11.063112,1.9890391,0.9533807,,,,,,
253,32.748455,11.064726,1.831491,0.95447683,,,,,,
254,32.660645,11.065415,1.9371458,0.9527981,,,,,,
255,32.82401,11.0682125,1.9539258,0.95564157,,,,,,
256,32.449596,11.071224,1.8771102,0.95760643,,,,,,
257,32.045403,11.07454,1.8803127,0.9587773,,,,,,
258,32.16483,11.075508,2.1408079,0.9537564,,,,,,
259,32.83581,11.07704,2.0082855,0.9548557,,,,,,
260,33.14517,11.078466,1.8714684,0.9538439,,,,,,
261,33.06504,11.079578,1.828507,0.9527717,,,,,,
262,33.25096,11.080663,1.8671011,0.9530761,,,,,,
263,33.516624,11.082027,1.9452437,0.9529076,,,,,,
264,33.77112,11.0824585,1.9653968,0.95167804,,,,,,
265,33.73732,11.084607,1.9215521,0.95178586,,,,,,
266,33.22351,11.086372,1.7730154,0.95266235,,,,,,
267,32.651905,11.086846,1.8773397,0.952234,,,,,,
268,32.5996,11.086263,1.8748372,0.9521315,,,,,,
269,32.395584,11.086939,1.860224,0.95071673,,,,,,
270,32.01742,11.0866785,1.7908864,0.9516903,,,,,,
271,31.380703,11.087481,1.7194197,0.9502607,,,,,,
272,31.28751,11.089572,1.8254505,0.9530152,,,,,,
273,31.661066,11.089826,1.937115,0.95244336,,,,,,
274,32.11993,11.090919,1.8985724,0.9506763,,,,,,
275,32.338978,11.092538,1.8534039,0.94929516,,,,,,
276,32.186012,11.095151,1.982307,0.9497961,,,,,,
277,32.36569,11.096786,2.0903003,0.9502746,,,,,,
278,32.411964,11.097896,1.9851211,0.9505471,,,,,,
279,32.592564,11.09846,1.9921386,0.9509992,,,,,,
280,32.683178,11.101585,1.8256545,0.951266,,,,,,
281,32.346092,11.101492,1.8298112,0.950951,,,,,,
282,32.32024,11.102624,1.9624307,0.9509497,,,,,,
283,32.35713,11.103,1.8330934,0.94937366,,,,,,
284,32.494144,11.104779,1.8839031,0.9495656,,,,,,
285,32.664894,11.104737,1.9174705,0.94688797,,,,,,
286,33.102467,11.10506,1.9892095,0.94752395,,,,,,
287,33.479687,11.105884,1.864739,0.94724864,,,,,,
288,33.28665,11.105444,1.9395407,0.9467793,,,,,,
289,33.655,11.104879,2.0476441,0.9477246,,,,,,
290,33.94852,11.104897,1.999256,0.9453787,,,,,,
291,33.997417,11.105412,1.975031,0.94563043,,,,,,
292,34.12058,11.106059,1.9913921,0.9473356,,,,,,
293,34.375534,11.106783,1.9070793,0.94782996,,,,,,
294,33.993736,11.108475,1.8263972,0.95101386,,,,,,
295,33.58675,11.1089115,1.8446119,0.94855714,,,,,,
296,33.544754,11.109853,1.9189011,0.95240676,,,,,,
297,33.762077,11.109528,1.8687223,0.94940317,,,,,,
298,33.415733,11.108073,1.7604953,0.9490709,,,,,,
299,32.705833,11.108859,1.6816884,0.9478955,,,,,,
300,31.974815,11.108357,1.68422,0.9486425,,,,,,
301,31.710875,11.10882,1.9069222,0.9487219,,,,,,
302,32.092945,11.108563,1.9705687,0.9470514,,,,,,
303,32.237442,11.108557,1.9508693,0.94767886,,,,,,
304,32.26727,11.109632,1.8766569,0.947485,,,,,,
305,32.56671,11.111735,1.8910072,0.94755375,,,,,,
306,32.75303,11.112753,1.7734966,0.9449889,,,,,,
307,32.76919,11.114055,1.8794993,0.94730103,,,,,,
308,32.81501,11.114205,1.7749068,0.9477119,,,,,,
309,32.807095,11.114679,1.8339853,0.9467554,,,,,,
310,32.401886,11.113657,1.6995631,0.94670963,,,,,,
311,32.208252,11.113771,1.8953989,0.9466597,,,,,,
312,32.17409,11.113538,1.8417057,0.9452328,,,,,,
313,32.484795,11.113327,1.9448824,0.944868,,,,,,
314,32.828754,11.112581,1.9141879,0.94433373,,,,,,
315,33.059612,11.112605,1.8801081,0.9416105,,,,,,
316,33.22098,11.111249,1.8848326,0.94259894,,,,,,
317,33.29241,11.110779,1.987716,0.9427252,,,,,,
318,33.85728,11.110721,2.1131961,0.9427707,,,,,,
319,34.026917,11.111468,2.028294,0.943063,,,,,,
320,33.634136,11.112751,1.952237,0.9443126,,,,,,
321,33.102562,11.114818,2.0157032,0.94596446,,,,,,
322,32.57558,11.116024,2.0056252,0.9469992,,,,,,
323,32.32758,11.116656,2.0775704,0.9452629,,,,,,
324,32.96535,11.1182375,2.0122972,0.95017844,,,,,,
325,32.83728,11.117804,1.8635197,0.9490301,,,,,,
326,32.28602,11.118168,1.9194564,0.9453862,,,,,,
327,32.081093,11.117663,2.0192668,0.944706,,,,,,
328,32.179844,11.118831,2.0322502,0.94580466,,,,,,
329,32.209946,11.118755,1.9238653,0.94373107,,,,,,
330,31.939144,11.119544,1.8438098,0.94586694,,,,,,
331,31.894146,11.118495,1.9189726,0.9453093,,,,,,
332,31.697643,11.118738,1.8541986,0.94359165,,,,,,
333,31.769598,11.118989,2.0827527,0.94616187,,,,,,
334,31.948023,11.12027,1.9944388,0.9458713,,,,,,
335,32.042843,11.119774,2.014454,0.9464527,,,,,,
336,32.28385,11.119943,1.968769,0.94765574,,,,,,
337,32.37785,11.118927,2.1753004,0.9479675,,,,,,
338,33.45882,11.118262,2.2297645,0.9457456,,,,,,
339,33.996876,11.118591,2.0465693,0.9458539,,,,,,
340,33.79628,11.120363,1.9006795,0.9474576,,,,,,
341,33.259865,11.12131,1.8783944,0.94628614,,,,,,
342,32.993034,11.123176,1.9498107,0.9456115,,,,,,
343,33.25295,11.122959,1.9495393,0.94750494,,,,,,
344,33.201508,11.124,1.8365846,0.94632125,,,,,,
345,32.99903,11.12536,1.8798354,0.9490625,,,,,,
346,32.753647,11.126168,1.8217448,0.94918,,,,,,
347,32.111336,11.12857,1.7401776,0.94944876,,,,,,
348,31.676819,11.129133,1.833032,0.9477823,,,,,,
349,32.778084,11.12922,2.395575,0.94676685,,,,,,
350,34.13127,11.13097,2.1483393,0.9482686,,,,,,
351,34.504047,11.132233,2.033133,0.94722176,,,,,,
352,34.412724,11.136163,1.9358916,0.9452588,,,,,,
353,34.02033,11.136667,1.8403307,0.9461496,,,,,,
354,33.636715,11.138036,1.9113643,0.94639915,,,,,,
355,33.306187,11.139751,1.9127945,0.9466863,,,,,,
356,33.045444,11.140106,1.874606,0.9471344,,,,,,
357,32.888496,11.139296,1.869927,0.94320333,,,,,,
358,33.094944,11.140317,1.8799098,0.9441277,,,,,,
359,32.924522,11.140693,1.7521341,0.94562334,,,,,,
360,32.57009,11.140547,1.7769337,0.9434422,,,,,,
361,32.429256,11.141076,1.8099724,0.941044,,,,,,
362,32.432377,11.140624,1.8249234,0.9436281,,,,,,
363,32.164345,11.140133,1.7882519,0.94476926,,,,,,
364,31.934061,11.139377,1.8952208,0.94399196,,,,,,
365,32.084057,11.137461,1.881069,0.9423839,,,,,,
366,31.942665,11.135849,1.8193403,0.9401916,,,,,,
367,32.01832,11.13365,1.9701561,0.9387958,,,,,,
368,32.614388,11.131492,1.916184,0.9380579,,,,,,
369,32.532272,11.128491,1.8532771,0.9392343,,,,,,
370,32.431164,11.125081,1.8941067,0.93782854,,,,,,
371,32.41324,11.122541,1.8844935,0.9399191,,,,,,
372,32.320786,11.120447,1.8235849,0.9391253,,,,,,
373,31.732368,11.120486,1.749769,0.9392951,,,,,,
374,31.45035,11.120003,1.8227743,0.93846357,,,,,,
375,31.180254,11.118547,1.7279654,0.9363823,,,,,,
376,31.335167,11.117874,1.947386,0.9365611,,,,,,
377,31.726532,11.118091,1.8922322,0.9374131,,,,,,
378,31.803905,11.118042,1.9053674,0.9388032,,,,,,
379,31.920485,11.117799,1.9427499,0.94072104,,,,,,
380,32.054325,11.117284,1.8695464,0.93891877,,,,,,
381,32.34427,11.114868,2.0290895,0.93651474,,,,,,
382,32.60798,11.112394,1.988529,0.9378645,,,,,,
383,32.765686,11.110536,1.9459057,0.93750226,,,,,,
384,32.470833,11.109191,1.8566278,0.9411681,,,,,,
385,32.217533,11.10592,2.102117,0.9381467,,,,,,
386,32.65247,11.106353,2.0846002,0.9388977,,,,,,
387,32.735085,11.104385,1.9223175,0.9374086,,,,,,
388,32.110706,11.103454,1.8014746,0.93810225,,,,,,
389,31.477264,11.10299,1.8451648,0.94053876,,,,,,
390,31.328077,11.10075,1.8480983,0.9405276,,,,,,
391,31.238426,11.100032,1.9459691,0.94196594,,,,,,
392,31.481497,11.101244,1.9093446,0.9421626,,,,,,
393,31.44089,11.101043,1.8962029,0.94162357,,,,,,
394,32.00114,11.100502,2.0831833,0.9401289,,,,,,
395,32.578175,11.099212,2.0231438,0.9428763,,,,,,
396,32.993042,11.097129,2.0510838,0.9432086,,,,,,
397,33.066753,11.095077,1.9657862,0.94453317,,,,,,
398,32.825737,11.093242,1.8697747,0.9442087,,,,,,
399,32.716904,11.092346,1.9816391,0.9416952,,,,,,
400,33.0328,11.092903,1.9435805,0.9440551,,,,,,
401,33.139412,11.092883,1.8556623,0.9456108,,,,,,
402,32.840847,11.092232,1.7955592,0.9428961,,,,,,
403,32.415707,11.090802,1.9244639,0.9412786,,,,,,
404,32.040707,11.089832,1.898664,0.94069886,,,,,,
405,31.73173,11.087924,1.9116285,0.9419092,,,,,,
406,32.3137,11.087887,2.1389284,0.9424319,,,,,,
407,32.46349,11.087803,1.8941956,0.9433641,,,,,,
408,32.206505,11.087523,1.815166,0.9415654,,,,,,
409,31.862278,11.085975,1.8271518,0.94185305,,,,,,
410,31.492601,11.086311,1.9410611,0.9406184,,,,,,
411,31.562107,11.084885,1.9839429,0.9406635,,,,,,
412,31.631258,11.083889,1.9014832,0.9399147,,,,,,
413,31.75015,11.082564,1.9334923,0.93893194,,,,,,
414,31.884464,11.082166,1.8689618,0.9383854,,,,,,
415,31.621836,11.081336,1.8112012,0.9410813,,,,,,
416,31.556435,11.080162,1.8859218,0.9421898,,,,,,
417,31.809244,11.079436,2.000135,0.94140834,,,,,,
418,32.150986,11.079086,1.976708,0.93918073,,,,,,
419,32.254314,11.077425,1.8938296,0.9398218,,,,,,
420,32.27284,11.077733,1.8941522,0.9413865,,,,,,
421,32.215015,11.076683,1.9089394,0.9390156,,,,,,
422,32.2697,11.076109,2.020019,0.9408461,,,,,,
423,32.211205,11.074759,1.9284168,0.9410948,,,,,,
424,32.307167,11.074379,1.8291124,0.9442053,,,,,,
425,31.97583,11.074116,1.7566968,0.94402313,,,,,,
426,31.754366,11.073614,1.820445,0.9417008,,,,,,
427,31.505564,11.073265,1.8314813,0.94025195,,,,,,
428,31.39734,11.072626,1.8929946,0.9414639,,,,,,
429,31.400475,11.072571,1.9749213,0.9409653,,,,,,
430,31.684242,11.072235,1.9671544,0.94318825,,,,,,
431,31.704386,11.07242,1.8795322,0.9430609,,,,,,
432,31.597706,11.07257,1.862024,0.9440259,,,,,,
433,31.747833,11.073876,2.0450976,0.94161314,,,,,,
434,31.671558,11.074371,1.8943533,0.94348127,,,,,,
435,31.411947,11.075314,1.9147216,0.9444822,,,,,,
436,31.256096,11.075095,1.8421276,0.94406176,,,,,,
437,31.198574,11.0738735,1.9225245,0.94265664,,,,,,
438,31.578156,11.073341,1.9069006,0.94202614,,,,,,
439,31.613901,11.071178,1.8556378,0.94231385,,,,,,
440,31.684677,11.071341,1.9581654,0.9419252,,,,,,
441,32.014442,11.071131,1.9417875,0.94254935,,,,,,
442,32.080303,11.071184,1.8585079,0.94325477,,,,,,
443,31.814537,11.070529,1.8442143,0.9408007,,,,,,
444,31.571875,11.070385,1.8220366,0.9411588,,,,,,
445,31.105913,11.070246,1.9130118,0.940651,,,,,,
446,31.078976,11.069681,1.9589142,0.94025373,,,,,,
447,31.07035,11.068837,1.8474051,0.9406165,,,,,,
448,31.085054,11.068265,1.9337425,0.9404304,,,,,,
449,30.912182,11.068547,1.8661988,0.93977344,,,,,,
450,30.59655,11.068937,1.820812,0.93930155,,,,,,
451,30.36458,11.069287,1.9204725,0.9440244,,,,,,
452,30.41313,11.070065,1.93165,0.9434504,,,,,,
453,30.269655,11.070186,1.8067821,0.9403882,,,,,,
454,30.025566,11.069616,1.8776505,0.9420759,,,,,,
455,30.127754,11.068608,1.9361142,0.9400891,,,,,,
456,30.730719,11.06843,1.953536,0.93884254,,,,,,
457,30.98207,11.066432,1.9055492,0.9362417,,,,,,
458,31.12661,11.065172,1.9536606,0.9369583,,,,,,
459,31.254658,11.064558,1.9286367,0.9362664,,,,,,
460,31.351097,11.061903,1.9902161,0.9373214,,,,,,
461,31.790516,11.059205,2.0192516,0.9347717,,,,,,
462,31.862225,11.055764,1.9508635,0.93509173,,,,,,
463,31.82395,11.05264,1.9055545,0.9354647,,,,,,
464,31.970558,11.050146,2.0530422,0.9352178,,,,,,
465,32.15142,11.048462,1.9045674,0.9360602,,,,,,
466,32.173313,11.047579,1.9455183,0.9348281,,,,,,
467,32.050133,11.047022,1.95448,0.9337635,,,,,,
468,32.00819,11.046264,1.8699992,0.9338764,,,,,,
469,31.528091,11.045502,1.8669657,0.93396956,,,,,,
470,31.295341,11.04509,1.8542366,0.93565655,,,,,,
471,31.14463,11.044581,1.8590039,0.9342882,,,,,,
472,31.176022,11.044189,1.8717544,0.93376565,,,,,,
473,31.474344,11.042455,1.9668434,0.932338,,,,,,
474,31.932514,11.040989,1.9844865,0.9343932,,,,,,
475,32.17692,11.038023,1.9366772,0.93234694,,,,,,
476,32.198376,11.036328,1.9383897,0.9362495,,,,,,
477,31.950792,11.033644,1.8560199,0.9374065,,,,,,
478,31.614035,11.032354,1.912241,0.93625224,,,,,,
479,31.527918,11.031659,1.9895943,0.936365,,,,,,
480,31.396715,11.030711,1.8760165,0.937901,,,,,,
481,31.143438,11.031269,1.9364117,0.93682903,,,,,,
482,31.233791,11.030888,1.8876894,0.9369641,,,,,,
483,31.191364,11.029401,1.7635282,0.93577427,,,,,,
484,30.876036,11.028995,1.9068842,0.93570626,,,,,,
485,31.014767,11.0280905,1.9126194,0.9353693,,,,,,
486,31.021978,11.027037,1.872259,0.93611735,,,,,,
487,31.219015,11.023855,1.9536586,0.93723464,,,,,,
488,31.476212,11.021991,2.0082846,0.937534,,,,,,
489,31.734917,11.021008,1.9600182,0.9384103,,,,,,
490,31.879257,11.021372,1.9164956,0.9384008,,,,,,
491,31.966238,11.020724,1.8346795,0.9379081,,,,,,
492,31.969276,11.020901,1.9548091,0.93748367,,,,,,
493,31.962328,11.021803,1.9206719,0.9405187,,,,,,
494,31.833767,11.021459,1.8512298,0.9382987,,,,,,
495,31.403486,11.020862,1.8076445,0.93851507,,,,,,
496,31.000765,11.020359,1.8804541,0.9394746,,,,,,
497,30.917593,11.018641,1.8714607,0.9405232,,,,,,
498,30.613176,11.018488,1.7976879,0.93948674,,,,,,
499,30.251581,11.018195,1.8549924,0.93877,,,,,,
